Reference, Value, Footprint, Datasheet
"J1","DUET/RRF","Connector_JST:JST_XH_S5B-XH-A-1_1x05_P2.50mm_Horizontal","~"
"J2","SMuFF","Connector_JST:JST_XH_S5B-XH-A-1_1x05_P2.50mm_Horizontal","~"
"J3","PanelDue","Connector_JST:JST_XH_S4B-XH-A-1_1x04_P2.50mm_Horizontal","~"
"J4","OLED I2C","Connector_JST:JST_XH_S4B-XH-A-1_1x04_P2.50mm_Horizontal","~"
"J5","Extension","Connector_JST:JST_XH_S3B-XH-A-1_1x03_P2.50mm_Horizontal","~"
"R1","330R","Resistor_THT:R_Axial_DIN0207_L6.3mm_D2.5mm_P15.24mm_Horizontal","~"
"U1","ESP32-DevKit/NodeMCU","esp32_devkit_v1_doit:esp32_devkit_v1_doit","https://aliexpress.com/item/32864722159.html"
"J6","PWR SEL","Connector_PinHeader_2.54mm:PinHeader_2x02_P2.54mm_Vertical","~"
